INSERT INTO furniture_category VALUES (1,'벽지'),(2,'바닥'),(3,'벽걸이'),(4,'대형'),(5,'중형'),(6,'소형');
INSERT INTO furniture VALUES(1,'화이트 벽지',2,1),(2,'핑크 벽지',2,1),(3,'옐로 벽지',2,1) ,(4,'그린 벽지',2,1) ,(5,'블루 벽지',2,1) ,(6,'퍼플 벽지',2,1) ,(7,'구름 벽지',2,1) ,(8,'멍개 벽지',2,1) ,(9,'기본 바닥',2,2) ,(10,'핑크 바닥',2,2) ,(11,'옐로 바닥',2,2) ,(12,'그린 바닥',2,2) ,(13,'블루 바닥',2,2) ,(14,'퍼플 바닥',2,2) ,(15,'무지개 바닥',2,2) ,(16,'나무 바닥',2,2),(17,'벽걸이 모니터 화이트',2,3) ,(18,'벽걸이 모니터 블랙',2,3) ,(19,'강 그림',1,3) ,(20,'선인장 그림',2,3) ,(21,'일출 그림',1,3) ,(22,'석양 그림 세로',2,3) ,(23,'석양 그림 가로',2,3) ,(24,'풍경 그림',1,3) ,(25,'추상화 옐로',1,3) ,(26,'추상화 레드',1,3) ,(27,'추상화 오색',2,3) ,(28,'풀 그림',1,3) ,(29,'물결 그림',1,3) ,(30,'파인애플 화분 레드',1,3) ,(31,'파인애플 화분 블루',1,3) ,(32,'파인애플 화분 옐로',1,3),(33,'2인용 소파 그린',3,4), (34,'2인용 소파 블루',3,4), (35,'2인용 의자 민트',2,4), (36,'2인용 의자 옐로',2,4), (37,'옷장 다크',2,4), (38,'옷장 라이트',2,4), (39,'TV장',2,4), (40,'TV장 다크',3,4), (41,'TV장 라이트',3,4), (42,'TV장 우드',3,4), (43,'대형 모니터 화이트',3,4), (44,'대형 모니터 블랙',3,4), (45,'와이드 모니터 화이트',2,4), (46,'와이드 모니터 블랙',2,4), (47,'나무 책상 블랙',2,4), (48,'나무 책상 화이트',2,4), (49,'나무 책상 브라운',2,4), (50,'철제 책상 블랙',2,4), (51,'철제 책상 화이트',2,4), (52,'철제 책상 브라운',2,4), (53,'책상과 서랍',3,4),(54,'1인용 소파 그린',2,5), (55,'1인용 소파 블루',2,5), (56,'1인용 의자 민트',1,5), (57,'1인용 의자 옐로',1,5), (58,'서랍장',2,5), (59,'받침 서랍장',2,5), (60,'스탠드 옐로',1,5), (61,'스탠드 오렌지',1,5), (62,'스탠드 사각 옐로',1,5), (63,'스탠드 사각 오렌지',1,5), (64,'옛날 TV',2,5), (65,'최신 TV',3,5), (66,'선반 하나',1,5), (67,'선반 둘',2,5), (68,'선반 셋',3,5), (69,'빈백 핑크',2,5), (70,'빈백 옐로',2,5), (71,'빈백 그린',2,5), (72,'빈백 블루',2,5), (73,'빈백 퍼플',2,5), (74,'모니터 블랙',2,5), (75,'모니터 화이트',2,5), (76,'캐비닛 블랙',1,5), (77,'캐비닛 화이트',1,5), (78,'캐비닛 브라운',1,5), (79,'게이밍 의자 핑크',2,5), (80,'게이밍 의자 옐로',2,5), (81,'게이밍 의자 그린',2,5), (82,'게이밍 의자 블루',2,5), (83,'게이밍 의자 퍼플',2,5), (84,'본체 블랙 블루',1,5), (85,'본체 블랙 핑크',1,5), (86,'본체 화이트 블루',1,5), (87,'본체 화이트 핑크',1,5),(88,'작은 마트료시카',1,6), (89,'중간 마트료시카',1,6), (90,'큰 마트료시카',1,6), (91,'곰인형',1,6), (92,'넓은 박스',1,6), (93,'깊은 박스',1,6), (94,'테이블 램프 옐로',1,6), (95,'테이블 램프 오렌지',1,6), (96,'걸이 조명 옐로',1,6), (97,'걸이 조명 브라운',1,6), (98,'걸이 조명 라이트',1,6), (99,'걸이 조명 오렌지',1,6), (100,'탁상 등',1,6), (101,'풀 블루',1,6), (102,'풀 레드',1,6), (103,'풀 옐로',1,6), (104,'방울토마토 블루',1,6), (105,'방울토마토 레드',1,6), (106,'방울토마토 옐로',1,6), (107,'치커리 블루',1,6), (108,'치커리 레드',1,6), (109,'치커리 옐로',1,6), (110,'선인장 블루',1,6), (111,'선인장 그레이',1,6), (112,'선인장 옐로',1,6), (113,'미니 선인장 블루',1,6), (114,'미니 선인장 레드',1,6), (115,'미니 선인장 옐로',1,6), (116,'게임패드 블랙',1,6), (117,'게임패드 화이트',1,6), (118,'노트북 블랙',1,6), (119,'노트북 화이트',1,6), (120,'스피커 블랙',1,6), (121,'스피커 화이트',1,6), (122,'스피커 브라운',1,6);

INSERT INTO story (`story_id`,`constellation`,`constellation_eng`,`summary`,`title`) VALUES (1,'처녀자리','virgo','제우스와 대지의 여신 데메테르의 딸 페르세포네. 그런데 어느 날 페르세포네가 갑자기 사라졌고, 데메테르가 슬픔에 빠지자 추운 겨울이 온 대지를 뒤덮었다.','사라진 페르세포네');
INSERT INTO story (`story_id`,`constellation`,`constellation_eng`,`summary`,`title`)  VALUES (2,'사자자리','leo','헤라의 저주로 본의 아니게 가족을 죽인 헤라클레스는 용서를 받기 위해 12가지 과업을 완수해야 한다. 그 첫 번째가 바로 네메아의 사자를 죽이는 것이다.','헤라클레스의 과업');
INSERT INTO story (`story_id`,`constellation`,`constellation_eng`,`summary`,`title`) VALUES (3,'거문고자리','lyra','그리스의 음유시인 오르페우스에게는 사랑하는 여인 에우리디케가 있었다. 그녀가 뱀에 물려 죽자 오르페우스는 지옥의 신 하데스를 찾아가기 위한 준비를 한다.','생명의 음악');
INSERT INTO story (`story_id`,`constellation`,`constellation_eng`,`summary`,`title`) VALUES (4,'페르세우스자리','perseus','메두사는 머리카락이 뱀으로 되어있는 괴물로, 그녀의 얼굴을 보는 자는 모두 돌로 변해버린다. 페르세우스는 이 메두사의 목을 베어오라는 명령을 받는다.','메두사와 페르세우스');
INSERT INTO story (`story_id`,`constellation`,`constellation_eng`,`summary`,`title`) VALUES (5,'카시오페아자리','cassiopeia','허영심 많은 에티오피아의 왕비 카시오페아. 그녀의 행동은 결국 포세이돈에게 미움을 받았고 에티오피아가 황폐해졌다. 이를 해결하기 위해선 그녀의 딸 안드로메다를 제물로 바쳐야 하는데..','허영심 많은 왕비');

INSERT INTO starcoin (`starcoin_id`,`num`,`story_id`) VALUES (1,1,1);
INSERT INTO starcoin (`starcoin_id`,`num`,`story_id`) VALUES (2,2,1);
INSERT INTO starcoin (`starcoin_id`,`num`,`story_id`) VALUES (3,3,1);
INSERT INTO starcoin (`starcoin_id`,`num`,`story_id`) VALUES (4,4,1);
INSERT INTO starcoin (`starcoin_id`,`num`,`story_id`) VALUES (5,5,1);
INSERT INTO starcoin (`starcoin_id`,`num`,`story_id`) VALUES (6,6,1);
INSERT INTO starcoin (`starcoin_id`,`num`,`story_id`) VALUES (7,7,1);
INSERT INTO starcoin (`starcoin_id`,`num`,`story_id`) VALUES (8,8,1);
INSERT INTO starcoin (`starcoin_id`,`num`,`story_id`) VALUES (9,9,1);
INSERT INTO starcoin (`starcoin_id`,`num`,`story_id`) VALUES (10,10,1);
INSERT INTO starcoin (`starcoin_id`,`num`,`story_id`) VALUES (11,11,1);
INSERT INTO starcoin (`starcoin_id`,`num`,`story_id`) VALUES (12,12,1);
INSERT INTO starcoin (`starcoin_id`,`num`,`story_id`) VALUES (13,13,1);
INSERT INTO starcoin (`starcoin_id`,`num`,`story_id`) VALUES (14,1,2);
INSERT INTO starcoin (`starcoin_id`,`num`,`story_id`) VALUES (15,2,2);
INSERT INTO starcoin (`starcoin_id`,`num`,`story_id`) VALUES (16,3,2);
INSERT INTO starcoin (`starcoin_id`,`num`,`story_id`) VALUES (17,4,2);
INSERT INTO starcoin (`starcoin_id`,`num`,`story_id`) VALUES (18,5,2);
INSERT INTO starcoin (`starcoin_id`,`num`,`story_id`) VALUES (19,6,2);
INSERT INTO starcoin (`starcoin_id`,`num`,`story_id`) VALUES (20,7,2);
INSERT INTO starcoin (`starcoin_id`,`num`,`story_id`) VALUES (21,8,2);
INSERT INTO starcoin (`starcoin_id`,`num`,`story_id`) VALUES (22,9,2);
INSERT INTO starcoin (`starcoin_id`,`num`,`story_id`) VALUES (23,10,2);
INSERT INTO starcoin (`starcoin_id`,`num`,`story_id`) VALUES (24,11,2);
INSERT INTO starcoin (`starcoin_id`,`num`,`story_id`) VALUES (25,1,3);
INSERT INTO starcoin (`starcoin_id`,`num`,`story_id`) VALUES (26,2,3);
INSERT INTO starcoin (`starcoin_id`,`num`,`story_id`) VALUES (27,3,3);
INSERT INTO starcoin (`starcoin_id`,`num`,`story_id`) VALUES (28,4,3);
INSERT INTO starcoin (`starcoin_id`,`num`,`story_id`) VALUES (29,5,3);
INSERT INTO starcoin (`starcoin_id`,`num`,`story_id`) VALUES (30,6,3);
INSERT INTO starcoin (`starcoin_id`,`num`,`story_id`) VALUES (31,1,4);
INSERT INTO starcoin (`starcoin_id`,`num`,`story_id`) VALUES (32,2,4);
INSERT INTO starcoin (`starcoin_id`,`num`,`story_id`) VALUES (33,3,4);
INSERT INTO starcoin (`starcoin_id`,`num`,`story_id`) VALUES (34,4,4);
INSERT INTO starcoin (`starcoin_id`,`num`,`story_id`) VALUES (35,5,4);
INSERT INTO starcoin (`starcoin_id`,`num`,`story_id`) VALUES (36,6,4);
INSERT INTO starcoin (`starcoin_id`,`num`,`story_id`) VALUES (37,7,4);
INSERT INTO starcoin (`starcoin_id`,`num`,`story_id`) VALUES (38,8,4);
INSERT INTO starcoin (`starcoin_id`,`num`,`story_id`) VALUES (39,9,4);
INSERT INTO starcoin (`starcoin_id`,`num`,`story_id`) VALUES (40,10,4);
INSERT INTO starcoin (`starcoin_id`,`num`,`story_id`) VALUES (41,11,4);
INSERT INTO starcoin (`starcoin_id`,`num`,`story_id`) VALUES (42,12,4);
INSERT INTO starcoin (`starcoin_id`,`num`,`story_id`) VALUES (43,13,4);
INSERT INTO starcoin (`starcoin_id`,`num`,`story_id`) VALUES (44,14,4);
INSERT INTO starcoin (`starcoin_id`,`num`,`story_id`) VALUES (45,15,4);
INSERT INTO starcoin (`starcoin_id`,`num`,`story_id`) VALUES (46,16,4);
INSERT INTO starcoin (`starcoin_id`,`num`,`story_id`) VALUES (47,1,5);
INSERT INTO starcoin (`starcoin_id`,`num`,`story_id`) VALUES (48,2,5);
INSERT INTO starcoin (`starcoin_id`,`num`,`story_id`) VALUES (49,3,5);
INSERT INTO starcoin (`starcoin_id`,`num`,`story_id`) VALUES (50,4,5);
INSERT INTO starcoin (`starcoin_id`,`num`,`story_id`) VALUES (51,5,5);